episode_id,event_id,state,county_fips,county_name,wfo,begin_date_time,county_timezone,end_date_time,injuries_direct,injuries_indirect,deaths_direct,deaths_indirect,property_damage,crop_damage,source,tornado_rating,max_windspeed,tornado_length,tornado_max_width,other_wfos,other_states,other_counties_fips,other_counties_names,begin_latitude,begin_longitude,end_latitude,end_longitude,episode_narrative,event_narrative,state_code,begin_date_time_corrected,end_date_time_corrected,begin_time_adjusted,end_time_adjusted
,10063631,Missouri,31,Cape Girardeau,,2052-03-18 18:30:00,CST,2052-03-18 18:30:00,0,0,0,0,25K,0,,F2,Unknown,6.2,500,,,,,37.37,-89.78,37.45,-89.73,,,MO,2052-03-18 18:30:00,2052-03-18 18:30:00,False,False
,9991454,Florida,103,Pinellas,,2052-06-29 11:00:00,CST,2052-06-29 11:00:00,0,0,0,0,2.5K,0,,F1,Unknown,0.0,33,,,,,27.75,-82.65,,,,,FL,2052-06-29 11:00:00,2052-06-29 11:00:00,False,False
,10104937,Pennsylvania,39,Crawford,,2052-01-17 19:34:00,CST,2052-01-17 19:34:00,0,0,0,0,250K,0,,F2,Unknown,0.5,400,,,,,41.6,-80.3,,,,,PA,2052-01-17 19:34:00,2052-01-17 19:34:00,False,False
,10104938,Pennsylvania,133,York,,2052-04-05 12:15:00,CST,2052-04-05 12:15:00,4,0,0,0,2.5M,0,,F3,Unknown,17.5,33,,,,,39.8,-76.98,39.95,-76.72,,,PA,2052-04-05 12:15:00,2052-04-05 12:15:00,False,False
,10104939,Pennsylvania,43,Dauphin,,2052-04-05 13:00:00,CST,2052-04-05 13:00:00,6,0,0,0,250K,0,,F0,Unknown,0.0,33,,,,,40.23,-76.8,,,,,PA,2052-04-05 13:00:00,2052-04-05 13:00:00,False,False
,10104940,Pennsylvania,89,Monroe,,2052-04-05 15:30:00,CST,2052-04-05 15:30:00,0,0,0,0,2.5K,0,,F1,Unknown,1.0,33,,,,,41.12,-75.28,,,,,PA,2052-04-05 15:30:00,2052-04-05 15:30:00,False,False
,10104941,Pennsylvania,49,Erie,,2052-07-19 05:45:00,CST,2052-07-19 05:45:00,0,0,0,0,2.5K,0,,F2,Unknown,5.6,27,,,,,41.93,-79.75,41.92,-79.63,,,PA,2052-07-19 05:45:00,2052-07-19 05:45:00,False,False
,10104942,Pennsylvania,87,Mifflin,,2052-07-23 12:30:00,CST,2052-07-23 12:30:00,4,0,0,0,25K,0,,F2,Unknown,0.0,33,,,,,40.62,-77.57,,,,,PA,2052-07-23 12:30:00,2052-07-23 12:30:00,False,False
,10104943,Pennsylvania,43,Dauphin,,2052-08-16 18:15:00,CST,2052-08-16 18:15:00,0,0,0,0,2.5K,0,,F1,Unknown,0.5,30,,,,,40.62,-76.72,,,,,PA,2052-08-16 18:15:00,2052-08-16 18:15:00,False,False
,10082588,New Jersey,39,Union,,2052-04-05 16:10:00,CST,2052-04-05 16:10:00,0,0,0,0,2.5K,0,,F1,Unknown,0.2,33,,,,,40.63,-74.32,,,,,NJ,2052-04-05 16:10:00,2052-04-05 16:10:00,False,False
,10082589,New Jersey,5,Burlington,,2052-08-10 09:04:00,CST,2052-08-10 09:04:00,0,0,0,0,25K,0,,F1,Unknown,2.3,100,,,,,40.0,-74.6,40.03,-74.57,,,NJ,2052-08-10 09:04:00,2052-08-10 09:04:00,False,False
,10082590,New Jersey,9,Cape May,,2052-08-10 09:30:00,CST,2052-08-10 09:30:00,0,0,0,0,25K,0,,F1,Unknown,12.5,100,,,,,40.03,-74.57,40.17,-74.4,,,NJ,2052-08-10 09:30:00,2052-08-10 09:30:00,False,False
,10083092,Ohio,35,Cuyahoga,,2052-05-24 15:05:00,CST,2052-05-24 15:05:00,0,0,0,0,25K,0,,F1,Unknown,0.0,200,,,,,41.42,-81.5,,,,,OH,2052-05-24 15:05:00,2052-05-24 15:05:00,False,False
,10099559,Oklahoma,131,Rogers,,2052-07-13 15:00:00,CST,2052-07-13 15:00:00,0,0,0,0,2.5K,0,,F1,Unknown,0.0,33,,,,,36.32,-95.7,,,,,OK,2052-07-13 15:00:00,2052-07-13 15:00:00,False,False
,10099560,Oklahoma,7,Beaver,,2052-07-16 17:30:00,CST,2052-07-16 17:30:00,0,0,0,0,25K,0,,F1,Unknown,0.0,30,,,,,36.87,-100.88,,,,,OK,2052-07-16 17:30:00,2052-07-16 17:30:00,False,False
,10099561,Oklahoma,83,Logan,,2052-08-15 16:30:00,CST,2052-08-15 16:30:00,0,0,0,0,25K,0,,F2,Unknown,5.1,77,,,,,35.8,-97.5,35.85,-97.43,,,OK,2052-08-15 16:30:00,2052-08-15 16:30:00,False,False
,10099750,Oklahoma,65,Jackson,,2052-04-20 16:00:00,CST,2052-04-20 16:00:00,0,0,0,0,.25K,0,,F0,Unknown,1.5,440,,,,,34.67,-99.5,,,,,OK,2052-04-20 16:00:00,2052-04-20 16:00:00,False,False
,10099751,Oklahoma,65,Jackson,,2052-04-20 16:00:00,CST,2052-04-20 16:00:00,0,0,0,0,0K,0,,F0,Unknown,1.5,440,,,,,34.67,-99.5,,,,,OK,2052-04-20 16:00:00,2052-04-20 16:00:00,False,False
,10099752,Oklahoma,65,Jackson,,2052-04-20 16:00:00,CST,2052-04-20 16:00:00,0,0,0,0,0K,0,,F0,Unknown,1.5,440,,,,,34.67,-99.5,,,,,OK,2052-04-20 16:00:00,2052-04-20 16:00:00,False,False
,10099753,Oklahoma,9,Beckham,,2052-04-20 17:00:00,CST,2052-04-20 17:00:00,0,0,0,0,0K,0,,F1,Unknown,0.0,20,,,,,35.3,-99.67,,,,,OK,2052-04-20 17:00:00,2052-04-20 17:00:00,False,False
,10099754,Oklahoma,129,Roger Mills,,2052-04-20 18:30:00,CST,2052-04-20 18:30:00,0,0,0,0,0K,0,,F0,Unknown,0.0,20,,,,,35.97,-99.47,,,,,OK,2052-04-20 18:30:00,2052-04-20 18:30:00,False,False
,10099755,Oklahoma,43,Dewey,,2052-04-20 19:15:00,CST,2052-04-20 19:15:00,0,0,0,0,0K,0,,F0,Unknown,0.0,20,,,,,36.15,-99.3,,,,,OK,2052-04-20 19:15:00,2052-04-20 19:15:00,False,False
,10099756,Oklahoma,71,Kay,,2052-04-21 16:05:00,CST,2052-04-21 16:05:00,0,0,0,0,0K,0,,F0,Unknown,0.3,50,,,,,36.87,-97.33,,,,,OK,2052-04-21 16:05:00,2052-04-21 16:05:00,False,False
,10099757,Oklahoma,151,Woods,,2052-04-30 15:45:00,CST,2052-04-30 15:45:00,0,0,0,0,2.5K,0,,F2,Unknown,13.7,200,,,,,36.77,-99.08,36.77,-98.83,,,OK,2052-04-30 15:45:00,2052-04-30 15:45:00,False,False
,10099748,Oklahoma,9,Beckham,,2052-04-08 16:45:00,CST,2052-04-08 16:45:00,0,0,0,0,.25K,0,,F0,Unknown,45.9,100,,,,,35.25,-99.7,35.85,-99.35,,,OK,2052-04-08 16:45:00,2052-04-08 16:45:00,False,False
,10099749,Oklahoma,57,Harmon,,2052-04-20 15:30:00,CST,2052-04-20 15:30:00,0,0,0,0,25K,0,,F1,Unknown,0.0,20,,,,,34.88,-99.87,,,,,OK,2052-04-20 15:30:00,2052-04-20 15:30:00,False,False
,10099758,Oklahoma,51,Grady,,2052-05-22 23:30:00,CST,2052-05-22 23:30:00,0,0,0,0,.25K,0,,F1,Unknown,0.0,33,,,,,34.75,-97.92,,,,,OK,2052-05-22 23:30:00,2052-05-22 23:30:00,False,False
,10099759,Oklahoma,119,Payne,,2052-05-23 04:00:00,CST,2052-05-23 04:00:00,0,0,0,0,2.5K,0,,F1,Unknown,0.0,33,,,,,36.02,-96.82,,,,,OK,2052-05-23 04:00:00,2052-05-23 04:00:00,False,False
,10099760,Oklahoma,75,Kiowa,,2052-05-23 04:30:00,CST,2052-05-23 04:30:00,0,0,0,0,2.5K,0,,F1,Unknown,16.9,100,,,,,34.67,-98.87,34.83,-98.65,,,OK,2052-05-23 04:30:00,2052-05-23 04:30:00,False,False
,10099761,Oklahoma,31,Comanche,,2052-05-23 04:45:00,CST,2052-05-23 04:45:00,1,0,0,0,250K,0,,F2,Unknown,0.3,150,,,,,34.62,-98.42,,,,,OK,2052-05-23 04:45:00,2052-05-23 04:45:00,False,False
,10099762,Oklahoma,31,Comanche,,2052-05-23 05:00:00,CST,2052-05-23 05:00:00,0,0,0,0,250K,0,,F2,Unknown,0.0,200,,,,,34.65,-98.43,,,,,OK,2052-05-23 05:00:00,2052-05-23 05:00:00,False,False
,10099763,Oklahoma,129,Roger Mills,,2052-06-01 00:49:00,CST,2052-06-01 00:49:00,0,0,0,0,2.5K,0,,F1,Unknown,0.0,33,,,,,35.5,-100.0,,,,,OK,2052-06-01 00:49:00,2052-06-01 00:49:00,False,False
,10099764,Oklahoma,11,Blaine,,2052-06-04 15:30:00,CST,2052-06-04 15:30:00,0,0,0,0,2.5K,0,,F1,Unknown,0.0,33,,,,,36.07,-98.32,,,,,OK,2052-06-04 15:30:00,2052-06-04 15:30:00,False,False
,10099765,Oklahoma,129,Roger Mills,,2052-06-15 00:50:00,CST,2052-06-15 00:50:00,0,0,0,0,2.5K,0,,F1,Unknown,0.0,33,,,,,35.62,-99.68,,,,,OK,2052-06-15 00:50:00,2052-06-15 00:50:00,False,False
,10099766,Oklahoma,93,Major,,2052-06-21 15:50:00,CST,2052-06-21 15:50:00,0,0,0,0,.03K,0,,F1,Unknown,0.3,440,,,,,36.28,-98.42,,,,,OK,2052-06-21 15:50:00,2052-06-21 15:50:00,False,False
,10099767,Oklahoma,141,Tillman,,2052-06-29 16:30:00,CST,2052-06-29 16:30:00,1,0,0,0,2.5K,0,,F2,Unknown,0.0,33,,,,,34.38,-99.0,,,,,OK,2052-06-29 16:30:00,2052-06-29 16:30:00,False,False
,10099768,Oklahoma,17,Canadian,,2052-07-07 13:30:00,CST,2052-07-07 13:30:00,0,0,0,0,0K,0,,F1,Unknown,3.6,50,,,,,35.33,-97.83,35.37,-97.78,,,OK,2052-07-07 13:30:00,2052-07-07 13:30:00,False,False
,10121789,Texas,451,Tom Green,,2052-04-30 18:30:00,CST,2052-04-30 18:30:00,6,0,0,0,250K,0,,F3,Unknown,0.5,100,,,,,31.45,-100.47,,,,,TX,2052-04-30 18:30:00,2052-04-30 18:30:00,False,False
,10121790,Texas,213,Henderson,,2052-05-23 11:40:00,CST,2052-05-23 11:40:00,1,0,0,0,2.5K,0,,F0,Unknown,0.5,33,,,,,32.22,-95.62,,,,,TX,2052-05-23 11:40:00,2052-05-23 11:40:00,False,False
,10121791,Texas,451,Tom Green,,2052-05-23 14:30:00,CST,2052-05-23 14:30:00,1,0,0,0,2.5K,0,,F1,Unknown,7.1,50,,,,,31.45,-100.48,31.45,-100.37,,,TX,2052-05-23 14:30:00,2052-05-23 14:30:00,False,False
,10121793,Texas,503,Young,,2052-08-12 16:15:00,CST,2052-08-12 16:15:00,0,0,0,0,25K,0,,F1,Unknown,0.7,50,,,,,33.12,-98.6,,,,,TX,2052-08-12 16:15:00,2052-08-12 16:15:00,False,False
,10121794,Texas,455,Trinity,,2052-12-03 18:15:00,CST,2052-12-03 18:15:00,4,0,0,0,25K,0,,F2,Unknown,13.3,100,,,,,30.9,-95.3,30.95,-95.08,,,TX,2052-12-03 18:15:00,2052-12-03 18:15:00,False,False
,10123412,Texas,361,Orange,,2052-02-01 15:00:00,CST,2052-02-01 15:00:00,0,0,0,0,25K,0,,F2,Unknown,1.0,67,,,,,30.08,-93.77,,,,,TX,2052-02-01 15:00:00,2052-02-01 15:00:00,False,False
,10123413,Texas,113,Dallas,,2052-03-02 22:00:00,CST,2052-03-02 22:00:00,0,0,0,0,2.5K,0,,F0,Unknown,0.2,7,,,,,32.97,-96.58,,,,,TX,2052-03-02 22:00:00,2052-03-02 22:00:00,False,False
,10123414,Texas,485,Wichita,,2052-03-17 19:30:00,CST,2052-03-17 19:30:00,0,0,0,0,25K,0,,F1,Unknown,0.0,33,,,,,33.88,-98.58,,,,,TX,2052-03-17 19:30:00,2052-03-17 19:30:00,False,False
,10123415,Texas,363,Palo Pinto,,2052-03-17 20:00:00,CST,2052-03-17 20:00:00,0,0,0,0,2.5K,0,,F0,Unknown,0.5,20,,,,,32.92,-98.25,,,,,TX,2052-03-17 20:00:00,2052-03-17 20:00:00,False,False
,10123416,Texas,181,Grayson,,2052-04-03 18:00:00,CST,2052-04-03 18:00:00,1,0,0,0,25K,0,,F2,Unknown,4.9,200,,,,,33.6,-96.7,33.63,-96.63,,,TX,2052-04-03 18:00:00,2052-04-03 18:00:00,False,False
,10123417,Texas,213,Henderson,,2052-04-18 14:15:00,CST,2052-04-18 14:15:00,0,0,0,0,2.5K,0,,F1,Unknown,0.8,200,,,,,32.22,-95.85,,,,,TX,2052-04-18 14:15:00,2052-04-18 14:15:00,False,False
,10123418,Texas,309,Mclennan,,2052-04-21 12:15:00,CST,2052-04-21 12:15:00,0,0,0,0,25K,0,,F4,Unknown,2.3,200,,,,,31.5,-97.45,31.48,-97.42,,,TX,2052-04-21 12:15:00,2052-04-21 12:15:00,False,False
,9982822,Arizona,25,Yavapai,,2052-11-14 21:00:00,CST,2052-11-14 21:00:00,0,0,0,0,0K,0,,,Unknown,0.2,200,,,,,35.13,-112.57,,,,,AZ,2052-11-14 21:00:00,2052-11-14 21:00:00,False,False
,10075659,New York,31,Essex,,2052-05-06 13:00:00,CST,2052-05-06 13:00:00,0,0,0,0,25K,0,,F2,Unknown,4.9,200,,,,,44.33,-74.0,44.38,-73.92,,,NY,2052-05-06 13:00:00,2052-05-06 13:00:00,False,False
,10076649,North Carolina,55,Dare,,2052-09-17 11:30:00,CST,2052-09-17 11:30:00,0,0,0,0,25K,0,,F3,Unknown,1.0,50,,,,,35.95,-75.6,,,,,NC,2052-09-17 11:30:00,2052-09-17 11:30:00,False,False
,10047286,Mississippi,95,Monroe,,2052-02-13 22:00:00,CST,2052-02-13 22:00:00,1,0,0,0,25K,0,,F1,Unknown,0.0,33,,,,,33.85,-88.47,,,,,MS,2052-02-13 22:00:00,2052-02-13 22:00:00,False,False
,10047287,Mississippi,45,Hancock,,2052-02-13 22:30:00,CST,2052-02-13 22:30:00,2,0,0,0,0K,0,,F1,Unknown,0.0,33,,,,,30.42,-89.48,,,,,MS,2052-02-13 22:30:00,2052-02-13 22:30:00,False,False
,10047288,Mississippi,89,Madison,,2052-03-21 20:30:00,CST,2052-03-21 20:30:00,1,0,0,0,2.5K,0,,,Unknown,0.0,20,,,,,32.47,-90.12,,,,,MS,2052-03-21 20:30:00,2052-03-21 20:30:00,False,False
,10047289,Mississippi,93,Marshall,,2052-03-21 22:00:00,CST,2052-03-21 22:00:00,24,0,9,0,250K,0,,F4,Unknown,10.9,100,,,,,34.87,-89.68,35.0,-89.58,,,MS,2052-03-21 22:00:00,2052-03-21 22:00:00,False,False
,10047290,Mississippi,31,Covington,,2052-07-29 16:00:00,CST,2052-07-29 16:00:00,0,0,0,0,25K,0,,,Unknown,0.0,33,,,,,31.62,-89.53,,,,,MS,2052-07-29 16:00:00,2052-07-29 16:00:00,False,False
,10047291,Mississippi,71,Lafayette,,2052-08-03 15:45:00,CST,2052-08-03 15:45:00,0,0,0,0,25K,0,,F2,Unknown,0.3,200,,,,,34.37,-89.52,,,,,MS,2052-08-03 15:45:00,2052-08-03 15:45:00,False,False
,10089659,North Dakota,33,Golden Valley,,2052-06-10 17:00:00,CST,2052-06-10 17:00:00,0,0,0,0,25K,0,,,Unknown,8.8,300,,,,,47.07,-104.0,47.2,-104.03,,,ND,2052-06-10 17:00:00,2052-06-10 17:00:00,False,False
,10089660,North Dakota,89,Stark,,2052-06-10 19:00:00,CST,2052-06-10 19:00:00,0,0,0,0,25K,0,,F2,Unknown,10.1,33,,,,,46.78,-103.02,46.78,-102.8,,,ND,2052-06-10 19:00:00,2052-06-10 19:00:00,False,False
,10089661,North Dakota,103,Wells,,2052-06-15 16:00:00,CST,2052-06-15 16:00:00,1,0,0,0,25K,0,,F3,Unknown,1.7,33,,,,,47.4,-99.55,,,,,ND,2052-06-15 16:00:00,2052-06-15 16:00:00,False,False
,10089662,North Dakota,61,Mountrail,,2052-06-20 15:00:00,CST,2052-06-20 15:00:00,0,0,0,0,0K,0,,,Unknown,0.0,33,,,,,47.92,-102.13,,,,,ND,2052-06-20 15:00:00,2052-06-20 15:00:00,False,False
,10089663,North Dakota,77,Richland,,2052-07-01 14:00:00,CST,2052-07-01 14:00:00,0,0,0,0,25K,0,,F3,Unknown,0.5,33,,,,,46.07,-96.95,,,,,ND,2052-07-01 14:00:00,2052-07-01 14:00:00,False,False
,10089664,North Dakota,53,Mckenzie,,2052-07-01 17:30:00,CST,2052-07-01 17:30:00,0,0,0,0,25K,0,,F2,Unknown,9.7,33,,,,,47.82,-103.55,47.8,-103.33,,,ND,2052-07-01 17:30:00,2052-07-01 17:30:00,False,False
,10082591,New Jersey,25,Monmouth,,2052-08-10 09:45:00,CST,2052-08-10 09:45:00,0,0,0,0,25K,0,,F1,Unknown,24.5,100,,,,,40.17,-74.4,40.42,-74.07,,,NJ,2052-08-10 09:45:00,2052-08-10 09:45:00,False,False
,10072246,Montana,25,Fallon,,2052-07-19 17:30:00,CST,2052-07-19 17:30:00,0,0,0,0,250K,0,,,Unknown,55.5,33,,,,,46.37,-104.28,46.37,-103.12,,,MT,2052-07-19 17:30:00,2052-07-19 17:30:00,False,False
,10072247,Montana,109,Wibaux,,2052-07-19 18:30:00,CST,2052-07-19 18:30:00,2,0,1,0,250K,0,,F3,Unknown,9.1,33,,,,,46.97,-104.25,47.0,-104.05,,,MT,2052-07-19 18:30:00,2052-07-19 18:30:00,False,False
,10073807,Nebraska,25,Cass,,2052-08-13 19:30:00,CST,2052-08-13 19:30:00,0,0,0,0,250K,0,,F4,Unknown,7.3,33,,,,,41.02,-96.32,40.93,-96.22,,,NE,2052-08-13 19:30:00,2052-08-13 19:30:00,False,False
,10073801,Nebraska,89,Holt,,2052-06-15 19:02:00,CST,2052-06-15 19:02:00,0,0,0,0,2.5K,0,,F1,Unknown,1.0,33,,,,,42.48,-98.67,,,,,NE,2052-06-15 19:02:00,2052-06-15 19:02:00,False,False
,10089665,North Dakota,15,Burleigh,,2052-07-01 18:00:00,CST,2052-07-01 18:00:00,25,0,1,0,250K,0,,F4,Unknown,19.8,150,,,,,47.05,-100.5,47.15,-100.1,,,ND,2052-07-01 18:00:00,2052-07-01 18:00:00,False,False
,10089666,North Dakota,15,Burleigh,,2052-07-01 18:36:00,CST,2052-07-01 18:36:00,1,0,0,0,250K,0,,F4,Unknown,28.2,150,,,,,47.15,-100.1,47.2,-99.5,,,ND,2052-07-01 18:36:00,2052-07-01 18:36:00,False,False
,10089667,North Dakota,35,Grand Forks,,2052-07-09 15:00:00,CST,2052-07-09 15:00:00,0,0,0,0,2.5K,0,,F2,Unknown,0.0,33,,,,,47.92,-97.17,,,,,ND,2052-07-09 15:00:00,2052-07-09 15:00:00,False,False
,10089668,North Dakota,33,Golden Valley,,2052-07-19 18:30:00,CST,2052-07-19 18:30:00,0,0,0,0,2.5K,0,,F3,Unknown,7.3,33,,,,,47.0,-104.05,47.02,-103.88,,,ND,2052-07-19 18:30:00,2052-07-19 18:30:00,False,False
,10089669,North Dakota,93,Stutsman,,2052-07-24 19:00:00,CST,2052-07-24 19:00:00,0,0,0,0,250K,0,,F2,Unknown,7.3,33,,,,,47.0,-98.67,47.0,-98.5,,,ND,2052-07-24 19:00:00,2052-07-24 19:00:00,False,False
,10073802,Nebraska,151,Saline,,2052-06-26 20:00:00,CST,2052-06-26 20:00:00,0,0,0,0,0K,0,,F2,Unknown,2.7,33,,,,,40.63,-96.93,40.58,-96.92,,,NE,2052-06-26 20:00:00,2052-06-26 20:00:00,False,False
,10073803,Nebraska,49,Deuel,,2052-07-12 16:00:00,CST,2052-07-12 16:00:00,0,0,0,0,0K,0,,F1,Unknown,27.6,33,,,,,41.17,-103.0,40.92,-102.58,,,NE,2052-07-12 16:00:00,2052-07-12 16:00:00,False,False
,10073804,Nebraska,37,Colfax,,2052-08-13 17:30:00,CST,2052-08-13 17:30:00,0,0,0,0,0K,0,,F3,Unknown,3.3,1300,,,,,41.47,-97.28,41.43,-97.22,,,NE,2052-08-13 17:30:00,2052-08-13 17:30:00,False,False
,10073805,Nebraska,23,Butler,,2052-08-13 17:45:00,CST,2052-08-13 17:45:00,1,0,0,0,0K,0,,F3,Unknown,41.1,1300,,,,,41.35,-97.17,41.25,-96.38,,,NE,2052-08-13 17:45:00,2052-08-13 17:45:00,False,False
,10073806,Nebraska,155,Saunders,,2052-08-13 19:00:00,CST,2052-08-13 19:00:00,20,0,0,0,250K,0,,F4,Unknown,19.4,110,,,,,41.22,-96.58,41.02,-96.32,,,NE,2052-08-13 19:00:00,2052-08-13 19:00:00,False,False
,10073797,Nebraska,65,Furnas,,2052-04-29 16:00:00,CST,2052-04-29 16:00:00,0,0,0,0,0K,0,,F1,Unknown,1.0,20,,,,,40.15,-99.8,,,,,NE,2052-04-29 16:00:00,2052-04-29 16:00:00,False,False
,10073798,Nebraska,33,Cheyenne,,2052-05-08 16:00:00,CST,2052-05-08 16:00:00,0,0,0,0,0K,0,,F1,Unknown,0.0,33,,,,,41.18,-103.33,,,,,NE,2052-05-08 16:00:00,2052-05-08 16:00:00,False,False
,10073799,Nebraska,33,Cheyenne,,2052-05-13 21:00:00,CST,2052-05-13 21:00:00,0,0,0,0,0K,0,,F1,Unknown,0.0,33,,,,,41.42,-103.07,,,,,NE,2052-05-13 21:00:00,2052-05-13 21:00:00,False,False
,10073800,Nebraska,33,Cheyenne,,2052-05-26 18:00:00,CST,2052-05-26 18:00:00,0,0,0,0,0K,0,,F0,Unknown,2.0,33,,,,,41.2,-103.03,,,,,NE,2052-05-26 18:00:00,2052-05-26 18:00:00,False,False
,9983009,Arkansas,1,Arkansas,,2052-01-26 15:30:00,CST,2052-01-26 15:30:00,0,0,0,0,25K,0,,F1,Unknown,0.0,33,,,,,34.42,-91.4,,,,,AR,2052-01-26 15:30:00,2052-01-26 15:30:00,False,False
,9983010,Arkansas,1,Arkansas,,2052-01-26 16:00:00,CST,2052-01-26 16:00:00,0,0,0,0,25K,0,,F1,Unknown,0.0,33,,,,,34.48,-91.55,,,,,AR,2052-01-26 16:00:00,2052-01-26 16:00:00,False,False
,9983011,Arkansas,93,Mississippi,,2052-02-13 16:30:00,CST,2052-02-13 16:30:00,5,0,0,0,0K,0,,F2,Unknown,0.3,33,,,,,35.95,-90.15,,,,,AR,2052-02-13 16:30:00,2052-02-13 16:30:00,False,False
,9983012,Arkansas,83,Logan,,2052-03-03 05:45:00,CST,2052-03-03 05:45:00,0,0,0,0,.25K,0,,F1,Unknown,0.6,50,,,,,35.13,-93.93,,,,,AR,2052-03-03 05:45:00,2052-03-03 05:45:00,False,False
,9983013,Arkansas,61,Howard,,2052-03-21 14:40:00,CST,2052-03-21 14:40:00,9,0,7,0,25K,0,,F4,Unknown,13.0,833,,,,,34.02,-94.02,34.22,-93.97,,,AR,2052-03-21 14:40:00,2052-03-21 14:40:00,False,False
,9983014,Arkansas,125,Saline,,2052-03-21 16:00:00,CST,2052-03-21 16:00:00,0,0,0,0,25K,0,,F3,Unknown,17.7,440,,,,,34.72,-92.82,34.78,-92.52,,,AR,2052-03-21 16:00:00,2052-03-21 16:00:00,False,False
,9983015,Arkansas,145,White,,2052-03-21 16:50:00,CST,2052-03-21 16:50:00,325,0,50,0,2.5M,0,,F4,Unknown,14.6,1760,,,,,35.22,-91.7,35.37,-91.52,,,AR,2052-03-21 16:50:00,2052-03-21 16:50:00,False,False
,9983016,Arkansas,45,Faulkner,,2052-03-21 17:00:00,CST,2052-03-21 17:00:00,6,0,0,0,25K,0,,F2,Unknown,0.0,33,,,,,34.95,-92.42,,,,,AR,2052-03-21 17:00:00,2052-03-21 17:00:00,False,False
,9983017,Arkansas,85,Lonoke,,2052-03-21 17:00:00,CST,2052-03-21 17:00:00,9,0,9,0,250K,0,,F3,Unknown,16.2,33,,,,,34.53,-91.8,34.73,-91.65,,,AR,2052-03-21 17:00:00,2052-03-21 17:00:00,False,False
,9983018,Arkansas,85,Lonoke,,2052-03-21 17:00:00,CST,2052-03-21 17:00:00,6,0,2,0,250K,0,,F4,Unknown,7.6,33,,,,,34.9,-91.85,34.8,-91.8,,,AR,2052-03-21 17:00:00,2052-03-21 17:00:00,False,False
,9983019,Arkansas,117,Prairie,,2052-03-21 17:20:00,CST,2052-03-21 17:20:00,5,0,1,0,2.5K,0,,,Unknown,0.0,417,,,,,34.72,-91.57,,,,,AR,2052-03-21 17:20:00,2052-03-21 17:20:00,False,False
,9983020,Arkansas,117,Prairie,,2052-03-21 17:20:00,CST,2052-03-21 17:20:00,15,0,5,0,250K,0,,F2,Unknown,13.3,417,,,,,34.8,-91.8,34.98,-91.73,,,AR,2052-03-21 17:20:00,2052-03-21 17:20:00,False,False
,9983035,Arkansas,91,Miller,,2052-07-16 16:05:00,CST,2052-07-16 16:05:00,0,0,0,0,0K,0,,F2,Unknown,1.1,50,,,,,33.45,-93.97,33.47,-93.97,,,AR,2052-07-16 16:05:00,2052-07-16 16:05:00,False,False
,9983036,Arkansas,113,Polk,,2052-11-17 16:30:00,CST,2052-11-17 16:30:00,0,0,0,0,25K,0,,F2,Unknown,11.4,100,,,,,34.57,-94.4,34.7,-94.28,,,AR,2052-11-17 16:30:00,2052-11-17 16:30:00,False,False
,9990146,California,37,Los Angeles,,2052-12-20 14:00:00,CST,2052-12-20 14:00:00,0,0,0,0,0K,0,,,Unknown,0.0,33,,,,,34.4,-118.53,,,,,CA,2052-12-20 14:00:00,2052-12-20 14:00:00,False,False
,9983021,Arkansas,147,Woodruff,,2052-03-21 17:30:00,CST,2052-03-21 17:30:00,0,0,0,0,25K,0,,F3,Unknown,17.6,600,,,,,35.13,-91.45,35.27,-91.18,,,AR,2052-03-21 17:30:00,2052-03-21 17:30:00,False,False
,9983022,Arkansas,147,Woodruff,,2052-03-21 17:30:00,CST,2052-03-21 17:30:00,180,0,29,0,2.5M,0,,F4,Unknown,13.1,880,,,,,35.0,-91.25,35.13,-91.08,,,AR,2052-03-21 17:30:00,2052-03-21 17:30:00,False,False
,9983023,Arkansas,67,Jackson,,2052-03-21 17:40:00,CST,2052-03-21 17:40:00,6,0,0,0,2.5K,0,,F3,Unknown,9.6,440,,,,,35.47,-91.2,35.53,-91.05,,,AR,2052-03-21 17:40:00,2052-03-21 17:40:00,False,False
,9983024,Arkansas,111,Poinsett,,2052-03-21 17:45:00,CST,2052-03-21 17:45:00,0,0,0,0,2.5K,0,,F3,Unknown,18.9,440,,,,,35.53,-91.05,35.8,-90.97,,,AR,2052-03-21 17:45:00,2052-03-21 17:45:00,False,False
,9983025,Arkansas,37,Cross,,2052-03-21 18:00:00,CST,2052-03-21 18:00:00,5,0,4,0,250K,0,,F4,Unknown,0.0,880,,,,,35.42,-91.0,,,,,AR,2052-03-21 18:00:00,2052-03-21 18:00:00,False,False
,9983026,Arkansas,111,Poinsett,,2052-03-21 18:45:00,CST,2052-03-21 18:45:00,39,0,2,0,250K,0,,F3,Unknown,12.1,417,,,,,35.6,-90.72,35.67,-90.52,,,AR,2052-03-21 18:45:00,2052-03-21 18:45:00,False,False
,9983027,Arkansas,111,Poinsett,,2052-03-21 18:45:00,CST,2052-03-21 18:45:00,5,0,1,0,250K,0,,F3,Unknown,9.4,200,,,,,35.53,-90.42,35.62,-90.28,,,AR,2052-03-21 18:45:00,2052-03-21 18:45:00,False,False
,9983028,Arkansas,93,Mississippi,,2052-03-21 19:00:00,CST,2052-03-21 19:00:00,57,0,1,0,250K,0,,F3,Unknown,39.7,880,,,,,35.67,-90.52,35.95,-89.9,,,AR,2052-03-21 19:00:00,2052-03-21 19:00:00,False,False
,9983029,Arkansas,93,Mississippi,,2052-03-21 19:00:00,CST,2052-03-21 19:00:00,57,0,1,0,250K,0,,F3,Unknown,39.7,880,,,,,35.67,-90.52,35.95,-89.9,,,AR,2052-03-21 19:00:00,2052-03-21 19:00:00,False,False
,9983030,Arkansas,27,Columbia,,2052-04-22 18:30:00,CST,2052-04-22 18:30:00,0,0,0,0,.03K,0,,F1,Unknown,0.3,150,,,,,33.32,-93.25,,,,,AR,2052-04-22 18:30:00,2052-04-22 18:30:00,False,False
,9985769,Florida,13,Calhoun,,2052-01-28 05:30:00,CST,2052-01-28 05:30:00,3,0,0,0,25K,0,,F1,Unknown,0.5,17,,,,,30.47,-85.25,,,,,FL,2052-01-28 05:30:00,2052-01-28 05:30:00,False,False
,9985770,Florida,73,Leon,,2052-01-28 06:45:00,CST,2052-01-28 06:45:00,0,0,0,0,25K,0,,F2,Unknown,1.5,33,,,,,30.5,-84.23,,,,,FL,2052-01-28 06:45:00,2052-01-28 06:45:00,False,False
,9985771,Florida,5,Bay,,2052-02-20 09:10:00,CST,2052-02-20 09:10:00,4,0,0,0,25K,0,,F2,Unknown,1.5,73,,,,,30.17,-85.7,,,,,FL,2052-02-20 09:10:00,2052-02-20 09:10:00,False,False
,9983031,Arkansas,63,Independence,,2052-04-22 19:15:00,CST,2052-04-22 19:15:00,0,0,0,0,2.5K,0,,F1,Unknown,0.0,100,,,,,35.9,-91.63,,,,,AR,2052-04-22 19:15:00,2052-04-22 19:15:00,False,False
,9983032,Arkansas,75,Lawrence,,2052-06-04 15:35:00,CST,2052-06-04 15:35:00,0,0,0,0,0K,0,,F2,Unknown,0.0,33,,,,,36.12,-90.93,,,,,AR,2052-06-04 15:35:00,2052-06-04 15:35:00,False,False
,9983033,Arkansas,119,Pulaski,,2052-06-18 14:30:00,CST,2052-06-18 14:30:00,0,0,0,0,0K,0,,F0,Unknown,0.0,33,,,,,34.7,-92.08,,,,,AR,2052-06-18 14:30:00,2052-06-18 14:30:00,False,False
,9983034,Arkansas,91,Miller,,2052-07-16 14:18:00,CST,2052-07-16 14:18:00,0,0,0,0,25K,0,,F2,Unknown,1.1,50,,,,,33.45,-93.97,33.47,-93.97,,,AR,2052-07-16 14:18:00,2052-07-16 14:18:00,False,False
,10047285,Mississippi,99,Neshoba,,2052-02-13 19:30:00,CST,2052-02-13 19:30:00,0,0,0,0,0K,0,,F0,Unknown,0.0,33,,,,,32.77,-89.1,,,,,MS,2052-02-13 19:30:00,2052-02-13 19:30:00,False,False
,10077703,North Carolina,183,Wake,,2052-04-05 00:45:00,CST,2052-04-05 00:45:00,0,0,0,0,25K,0,,F2,Unknown,6.9,300,,,,,35.8,-78.88,35.9,-78.88,,,NC,2052-04-05 00:45:00,2052-04-05 00:45:00,False,False
,10077704,North Carolina,15,Bertie,,2052-05-10 11:00:00,CST,2052-05-10 11:00:00,6,0,0,0,0K,0,,F2,Unknown,0.0,33,,,,,36.1,-77.25,,,,,NC,2052-05-10 11:00:00,2052-05-10 11:00:00,False,False
,10077705,North Carolina,95,Hyde,,2052-05-20 11:00:00,CST,2052-05-20 11:00:00,2,0,0,0,0K,0,,F2,Unknown,1.5,33,,,,,35.47,-76.38,,,,,NC,2052-05-20 11:00:00,2052-05-20 11:00:00,False,False
,10077706,North Carolina,83,Halifax,,2052-07-23 11:00:00,CST,2052-07-23 11:00:00,0,0,0,0,25K,0,,F2,Unknown,0.0,33,,,,,36.25,-77.75,,,,,NC,2052-07-23 11:00:00,2052-07-23 11:00:00,False,False
,10077707,North Carolina,169,Stokes,,2052-08-31 11:00:00,CST,2052-08-31 11:00:00,0,0,0,0,25K,0,,F1,Unknown,0.0,33,,,,,36.25,-80.17,,,,,NC,2052-08-31 11:00:00,2052-08-31 11:00:00,False,False
,10063634,Missouri,95,Jackson,,2052-05-22 19:00:00,CST,2052-05-22 19:00:00,1,0,0,0,250K,0,,F2,Unknown,1.3,440,,,,,38.9,-94.27,38.93,-94.23,,,MO,2052-05-22 19:00:00,2052-05-22 19:00:00,False,False
,10063635,Missouri,139,Montgomery,,2052-07-17 16:15:00,CST,2052-07-17 16:15:00,0,0,0,0,25K,0,,F1,Unknown,0.2,10,,,,,38.97,-91.5,,,,,MO,2052-07-17 16:15:00,2052-07-17 16:15:00,False,False
,10063636,Missouri,159,Pettis,,2052-08-21 00:20:00,CST,2052-08-21 00:20:00,13,0,1,0,25M,0,,F2,Unknown,1.3,300,,,,,38.68,-93.27,38.7,-93.23,,,MO,2052-08-21 00:20:00,2052-08-21 00:20:00,False,False
,10063637,Missouri,147,Nodaway,,2052-11-16 16:00:00,CST,2052-11-16 16:00:00,2,0,0,0,25K,0,,F3,Unknown,21.6,600,,,,,40.45,-95.07,40.57,-94.68,,,MO,2052-11-16 16:00:00,2052-11-16 16:00:00,False,False
,9979436,Alabama,107,Pickens,,2052-03-03 13:10:00,CST,2052-03-03 13:10:00,6,0,0,0,25K,0,,F3,Unknown,3.3,440,,,,,33.33,-87.9,33.37,-87.87,,,AL,2052-03-03 13:10:00,2052-03-03 13:10:00,False,False
,9979437,Alabama,103,Morgan,,2052-03-22 15:00:00,CST,2052-03-22 15:00:00,50,0,4,0,25K,0,,F4,Unknown,21.6,100,,,,,34.6,-87.0,34.68,-86.63,,,AL,2052-03-22 15:00:00,2052-03-22 15:00:00,False,False
,9979438,Alabama,97,Mobile,,2052-04-04 06:20:00,CST,2052-04-04 06:20:00,2,0,0,0,25K,0,,F1,Unknown,0.2,200,,,,,30.7,-88.28,,,,,AL,2052-04-04 06:20:00,2052-04-04 06:20:00,False,False
,10038923,Maryland,11,Caroline,,2052-04-05 15:00:00,CST,2052-04-05 15:00:00,0,0,0,0,.25K,0,,F0,Unknown,0.3,33,,,,,39.12,-75.75,,,,,MD,2052-04-05 15:00:00,2052-04-05 15:00:00,False,False
,10038924,Maryland,31,Montgomery,,2052-08-31 22:00:00,CST,2052-08-31 22:00:00,0,0,0,0,25K,0,,F1,Unknown,0.0,70,,,,,39.02,-77.22,39.03,-77.23,,,MD,2052-08-31 22:00:00,2052-08-31 22:00:00,False,False
,9979439,Alabama,57,Fayette,,2052-05-10 09:00:00,CST,2052-05-10 09:00:00,0,0,0,0,25K,0,,F1,Unknown,0.2,50,,,,,33.73,-87.75,,,,,AL,2052-05-10 09:00:00,2052-05-10 09:00:00,False,False
,9979440,Alabama,57,Fayette,,2052-05-10 09:00:00,CST,2052-05-10 09:00:00,0,0,0,0,25K,0,,F1,Unknown,0.2,50,,,,,33.73,-87.75,,,,,AL,2052-05-10 09:00:00,2052-05-10 09:00:00,False,False
,9979441,Alabama,57,Fayette,,2052-05-10 09:00:00,CST,2052-05-10 09:00:00,0,0,0,0,25K,0,,F1,Unknown,0.2,50,,,,,33.73,-87.75,,,,,AL,2052-05-10 09:00:00,2052-05-10 09:00:00,False,False
,10035925,Kentucky,123,Larue,,2052-03-22 00:05:00,CST,2052-03-22 00:05:00,18,0,0,0,250K,0,,F3,Unknown,2.7,33,,,,,37.53,-85.72,37.55,-85.67,,,KY,2052-03-22 00:05:00,2052-03-22 00:05:00,False,False
,10035926,Kentucky,59,Daviess,,2052-12-09 15:00:00,CST,2052-12-09 15:00:00,3,0,0,0,0K,0,,F3,Unknown,25.2,880,,,,,37.68,-87.3,37.87,-86.9,,,KY,2052-12-09 15:00:00,2052-12-09 15:00:00,False,False
,10035927,Kentucky,91,Hancock,,2052-12-09 15:30:00,CST,2052-12-09 15:30:00,0,0,0,0,0K,0,,F3,Unknown,8.5,880,,,,,37.87,-86.9,37.93,-86.77,,,KY,2052-12-09 15:30:00,2052-12-09 15:30:00,False,False
,9979429,Alabama,123,Tallapoosa,,2052-01-22 09:00:00,CST,2052-01-22 09:00:00,0,0,0,0,2.5K,0,,F1,Unknown,0.0,33,,,,,32.92,-85.97,,,,,AL,2052-01-22 09:00:00,2052-01-22 09:00:00,False,False
,9979430,Alabama,125,Tuscaloosa,,2052-02-13 20:00:00,CST,2052-02-13 20:00:00,14,0,1,0,25K,0,,F3,Unknown,3.3,100,,,,,33.57,-87.67,33.6,-87.63,,,AL,2052-02-13 20:00:00,2052-02-13 20:00:00,False,False
,9979431,Alabama,57,Fayette,,2052-02-13 20:00:00,CST,2052-02-13 20:00:00,0,0,0,0,25K,0,,F3,Unknown,2.3,100,,,,,33.6,-87.63,33.62,-87.62,,,AL,2052-02-13 20:00:00,2052-02-13 20:00:00,False,False
,9979432,Alabama,43,Cullman,,2052-02-13 20:30:00,CST,2052-02-13 20:30:00,3,0,0,0,2.5M,0,,F1,Unknown,1.3,400,,,,,34.02,-86.75,34.03,-86.73,,,AL,2052-02-13 20:30:00,2052-02-13 20:30:00,False,False
,9979433,Alabama,9,Blount,,2052-02-13 20:30:00,CST,2052-02-13 20:30:00,3,0,0,0,2.5M,0,,F1,Unknown,4.7,400,,,,,34.03,-86.73,34.07,-86.67,,,AL,2052-02-13 20:30:00,2052-02-13 20:30:00,False,False
,9979434,Alabama,73,Jefferson,,2052-02-13 21:30:00,CST,2052-02-13 21:30:00,26,0,1,0,250K,0,,F3,Unknown,0.0,200,,,,,33.6,-86.93,,,,,AL,2052-02-13 21:30:00,2052-02-13 21:30:00,False,False
,9979435,Alabama,49,Dekalb,,2052-02-29 17:00:00,CST,2052-02-29 17:00:00,12,0,0,0,0K,0,,F3,Unknown,3.3,400,,,,,34.5,-85.7,34.53,-85.67,,,AL,2052-02-29 17:00:00,2052-02-29 17:00:00,False,False
,10038921,Maryland,21,Frederick,,2052-04-05 12:00:00,CST,2052-04-05 12:00:00,0,0,0,0,25K,0,,F1,Unknown,1.0,50,,,,,39.45,-77.55,,,,,MD,2052-04-05 12:00:00,2052-04-05 12:00:00,False,False
,10038922,Maryland,21,Frederick,,2052-04-05 14:00:00,CST,2052-04-05 14:00:00,1,0,0,0,25K,0,,F1,Unknown,1.0,50,,,,,39.63,-77.42,,,,,MD,2052-04-05 14:00:00,2052-04-05 14:00:00,False,False
,10052057,Minnesota,33,Cottonwood,,2052-06-23 20:30:00,CST,2052-06-23 20:30:00,0,0,0,0,2.5M,0,,F2,Unknown,12.5,220,,,,,44.0,-95.28,44.12,-95.08,,,MN,2052-06-23 20:30:00,2052-06-23 20:30:00,False,False
,10052058,Minnesota,15,Brown,,2052-06-23 20:50:00,CST,2052-06-23 20:50:00,5,0,0,0,2.5M,0,,F2,Unknown,30.7,220,,,,,44.12,-95.08,44.38,-94.58,,,MN,2052-06-23 20:50:00,2052-06-23 20:50:00,False,False
,10052059,Minnesota,103,Nicollet,,2052-06-23 22:00:00,CST,2052-06-23 22:00:00,0,0,0,0,2.5M,0,,F2,Unknown,61.6,220,,,,,44.38,-94.58,44.83,-93.5,,,MN,2052-06-23 22:00:00,2052-06-23 22:00:00,False,False
,10052060,Minnesota,53,Hennepin,,2052-06-23 23:30:00,CST,2052-06-23 23:30:00,5,0,0,0,2.5M,0,,F2,Unknown,0.0,220,,,,,44.83,-93.5,44.85,-93.47,,,MN,2052-06-23 23:30:00,2052-06-23 23:30:00,False,False
,10052061,Minnesota,79,Le Sueur,,2052-06-24 18:30:00,CST,2052-06-24 18:30:00,6,0,0,0,2.5M,0,,F2,Unknown,65.8,267,,,,,44.33,-93.85,45.12,-93.08,,,MN,2052-06-24 18:30:00,2052-06-24 18:30:00,False,False
,10052062,Minnesota,3,Anoka,,2052-06-24 20:00:00,CST,2052-06-24 20:00:00,9,0,0,0,2.5M,0,,F2,Unknown,5.1,267,,,,,45.12,-93.08,45.2,-93.07,,,MN,2052-06-24 20:00:00,2052-06-24 20:00:00,False,False
,10052063,Minnesota,51,Grant,,2052-07-02 16:00:00,CST,2052-07-02 16:00:00,0,0,0,0,25K,0,,F1,Unknown,4.1,217,,,,,45.87,-96.18,45.82,-96.12,,,MN,2052-07-02 16:00:00,2052-07-02 16:00:00,False,False
,10052064,Minnesota,1,Aitkin,,2052-07-16 19:00:00,CST,2052-07-16 19:00:00,0,0,0,0,25K,0,,F2,Unknown,9.4,333,,,,,46.72,-93.53,46.83,-93.42,,,MN,2052-07-16 19:00:00,2052-07-16 19:00:00,False,False
,10052065,Minnesota,47,Freeborn,,2052-07-27 18:25:00,CST,2052-07-27 18:25:00,4,0,0,0,25K,0,,F2,Unknown,1.5,133,,,,,43.72,-93.48,,,,,MN,2052-07-27 18:25:00,2052-07-27 18:25:00,False,False
,10052066,Minnesota,149,Stevens,,2052-08-27 15:25:00,CST,2052-08-27 15:25:00,0,0,0,0,25K,0,,F1,Unknown,13.3,33,,,,,45.58,-96.22,45.58,-95.93,,,MN,2052-08-27 15:25:00,2052-08-27 15:25:00,False,False
,10063629,Missouri,187,St. Francois,,2052-03-18 17:25:00,CST,2052-03-18 17:25:00,1,0,0,0,25K,0,,F2,Unknown,8.5,100,,,,,37.75,-90.5,37.78,-90.35,,,MO,2052-03-18 17:25:00,2052-03-18 17:25:00,False,False
,10063630,Missouri,186,Ste. Genevieve,,2052-03-18 17:35:00,CST,2052-03-18 17:35:00,0,0,0,0,25K,0,,F2,Unknown,9.9,100,,,,,37.78,-90.35,37.88,-90.22,,,MO,2052-03-18 17:35:00,2052-03-18 17:35:00,False,False
,10063632,Missouri,155,Pemiscot,,2052-03-21 20:00:00,CST,2052-03-21 20:00:00,100,0,17,0,2.5M,0,,F4,Unknown,6.5,880,,,,,36.05,-89.82,36.07,-89.7,,,MO,2052-03-21 20:00:00,2052-03-21 20:00:00,False,False
,10063633,Missouri,75,Gentry,,2052-05-07 16:00:00,CST,2052-05-07 16:00:00,0,0,0,0,.25K,0,,F1,Unknown,1.5,400,,,,,40.1,-94.53,,,,,MO,2052-05-07 16:00:00,2052-05-07 16:00:00,False,False
,10063627,Missouri,155,Pemiscot,,2052-02-13 17:10:00,CST,2052-02-13 17:10:00,0,0,0,0,2.5K,0,,F2,Unknown,4.5,100,,,,,36.07,-89.93,36.12,-89.88,,,MO,2052-02-13 17:10:00,2052-02-13 17:10:00,False,False
,10063628,Missouri,155,Pemiscot,,2052-02-13 17:20:00,CST,2052-02-13 17:20:00,0,0,0,0,0K,0,,F2,Unknown,2.3,100,,,,,36.12,-89.88,36.15,-89.87,,,MO,2052-02-13 17:20:00,2052-02-13 17:20:00,False,False
,10017018,Iowa,23,Butler,,2052-05-23 13:00:00,CST,2052-05-23 13:00:00,0,0,0,0,0K,0,,F2,Unknown,0.0,17,,,,,42.75,-92.97,,,,,IA,2052-05-23 13:00:00,2052-05-23 13:00:00,False,False
,10017019,Iowa,195,Worth,,2052-05-23 15:00:00,CST,2052-05-23 15:00:00,0,0,0,0,0K,0,,F1,Unknown,0.0,33,,,,,43.33,-93.08,,,,,IA,2052-05-23 15:00:00,2052-05-23 15:00:00,False,False
,10017020,Iowa,75,Grundy,,2052-06-02 18:30:00,CST,2052-06-02 18:30:00,2,0,1,0,200K,0,,F2,Unknown,2.3,100,,,,,,,,,,,IA,2052-06-02 18:30:00,2052-06-02 18:30:00,False,False
,10017021,Iowa,35,Cherokee,,2052-06-23 18:30:00,CST,2052-06-23 18:30:00,4,0,0,0,2.5M,0,,F4,Unknown,24.1,400,,,,,42.75,-95.85,42.9,-95.42,,,IA,2052-06-23 18:30:00,2052-06-23 18:30:00,False,False
,10017022,Iowa,119,Lyon,,2052-07-02 17:50:00,CST,2052-07-02 17:50:00,0,0,0,0,0K,0,,F1,Unknown,0.0,33,,,,,43.4,-96.1,,,,,IA,2052-07-02 17:50:00,2052-07-02 17:50:00,False,False
,10017023,Iowa,139,Muscatine,,2052-11-17 13:20:00,CST,2052-11-17 13:20:00,0,0,0,0,0K,0,,F0,Unknown,0.0,50,,,,,41.55,-91.08,,,,,IA,2052-11-17 13:20:00,2052-11-17 13:20:00,False,False
,10110749,South Dakota,111,Sanborn,,2052-06-23 18:55:00,CST,2052-06-23 18:55:00,0,0,0,0,.03K,0,,F0,Unknown,2.0,43,,,,,44.02,-98.1,,,,,SD,2052-06-23 18:55:00,2052-06-23 18:55:00,False,False
,10110750,South Dakota,55,Haakon,,2052-06-24 10:00:00,CST,2052-06-24 10:00:00,0,0,0,0,.03K,0,,F0,Unknown,0.0,33,,,,,44.18,-101.45,,,,,SD,2052-06-24 10:00:00,2052-06-24 10:00:00,False,False
,10110751,South Dakota,49,Faulk,,2052-06-27 23:00:00,CST,2052-06-27 23:00:00,0,0,0,0,25K,0,,,Unknown,0.0,33,,,,,45.2,-99.4,,,,,SD,2052-06-27 23:00:00,2052-06-27 23:00:00,False,False
,10110752,South Dakota,53,Gregory,,2052-06-28 19:10:00,CST,2052-06-28 19:10:00,0,0,0,0,0K,0,,F0,Unknown,1.0,100,,,,,43.45,-99.08,,,,,SD,2052-06-28 19:10:00,2052-06-28 19:10:00,False,False
,10110753,South Dakota,67,Hutchinson,,2052-06-28 22:10:00,CST,2052-06-28 22:10:00,0,0,0,0,25K,0,,F1,Unknown,0.0,33,,,,,43.23,-97.58,,,,,SD,2052-06-28 22:10:00,2052-06-28 22:10:00,False,False
,10086814,Ohio,157,Tuscarawas,,2052-04-13 13:10:00,CST,2052-04-13 13:10:00,4,0,0,0,250K,0,,F1,Unknown,0.0,33,,,,,40.53,-81.5,,,,,OH,2052-04-13 13:10:00,2052-04-13 13:10:00,False,False
,10098429,Oklahoma,73,Kingfisher,,2052-07-13 13:00:00,CST,2052-07-13 13:00:00,0,0,0,0,.25K,0,,F1,Unknown,1.0,10,,,,,35.93,-97.73,,,,,OK,2052-07-13 13:00:00,2052-07-13 13:00:00,False,False
,10004036,Indiana,97,Marion,,2052-05-09 18:45:00,CST,2052-05-09 18:45:00,0,0,0,0,250K,0,,F1,Unknown,15.6,13,,,,,39.8,-86.07,39.87,-85.78,,,IN,2052-05-09 18:45:00,2052-05-09 18:45:00,False,False
,10004037,Indiana,123,Perry,,2052-12-09 15:50:00,CST,2052-12-09 15:50:00,0,0,0,0,250K,0,,F3,Unknown,1.3,33,,,,,37.93,-86.77,37.95,-86.73,,,IN,2052-12-09 15:50:00,2052-12-09 15:50:00,False,False
,9991336,Colorado,63,Kit Carson,,2052-05-08 14:30:00,CST,2052-05-08 14:30:00,1,0,0,0,25K,0,,F2,Unknown,2.5,200,,,,,39.48,-102.6,,,,,CO,2052-05-08 14:30:00,2052-05-08 14:30:00,False,False
,9991337,Colorado,123,Weld,,2052-05-15 15:15:00,CST,2052-05-15 15:15:00,5,0,0,0,25K,0,,F3,Unknown,7.4,150,,,,,40.33,-104.57,40.25,-104.47,,,CO,2052-05-15 15:15:00,2052-05-15 15:15:00,False,False
,9991338,Colorado,121,Washington,,2052-06-26 17:30:00,CST,2052-06-26 17:30:00,0,0,0,0,250K,0,,F2,Unknown,7.0,33,,,,,40.0,-103.6,,,,,CO,2052-06-26 17:30:00,2052-06-26 17:30:00,False,False
,10117455,South Carolina,45,Greenville,,2052-05-10 14:00:00,CST,2052-05-10 14:00:00,0,0,0,0,.03K,0,,F3,Unknown,6.6,83,,,,,34.8,-82.25,34.8,-82.13,,,SC,2052-05-10 14:00:00,2052-05-10 14:00:00,False,False
,10117456,South Carolina,83,Spartanburg,,2052-05-10 14:15:00,CST,2052-05-10 14:15:00,4,0,2,0,.03K,0,,F3,Unknown,16.1,83,,,,,34.8,-82.13,34.8,-81.85,,,SC,2052-05-10 14:15:00,2052-05-10 14:15:00,False,False
,10117457,South Carolina,11,Barnwell,,2052-06-12 19:00:00,CST,2052-06-12 19:00:00,0,0,0,0,250K,0,,F1,Unknown,2.0,167,,,,,33.42,-81.42,,,,,SC,2052-06-12 19:00:00,2052-06-12 19:00:00,False,False
,10121792,Texas,181,Grayson,,2052-06-05 12:30:00,CST,2052-06-05 12:30:00,0,0,0,0,.03K,0,,F1,Unknown,13.8,33,,,,,33.65,-96.75,33.83,-96.65,,,TX,2052-06-05 12:30:00,2052-06-05 12:30:00,False,False
,10052056,Minnesota,151,Swift,,2052-06-23 16:30:00,CST,2052-06-23 16:30:00,0,0,0,0,2.5M,0,,F2,Unknown,8.4,220,,,,,45.3,-95.5,45.35,-95.33,,,MN,2052-06-23 16:30:00,2052-06-23 16:30:00,False,False
,9983037,Arkansas,127,Scott,,2052-11-17 16:40:00,CST,2052-11-17 16:40:00,2,0,0,0,25K,0,,F2,Unknown,27.8,100,,,,,34.7,-94.28,34.95,-93.9,,,AR,2052-11-17 16:40:00,2052-11-17 16:40:00,False,False
,10162816,Wyoming,27,Niobrara,,2052-05-08 12:30:00,CST,2052-05-08 12:30:00,0,0,0,0,.03K,0,,F1,Unknown,2.0,100,,,,,42.93,-104.33,,,,,WY,2052-05-08 12:30:00,2052-05-08 12:30:00,False,False
,10075517,North Carolina,77,Granville,,2052-11-19 22:37:00,CST,2052-11-19 22:37:00,1,0,0,0,250K,0,,F2,Unknown,1.0,50,,,,,36.43,-78.72,,,,,NC,2052-11-19 22:37:00,2052-11-19 22:37:00,False,False
,10153066,Virginia,59,Fairfax,,2052-08-31 21:30:00,CST,2052-08-31 21:30:00,0,0,0,0,25K,0,,F1,Unknown,2.0,100,,,,,38.78,-77.15,,,,,VA,2052-08-31 21:30:00,2052-08-31 21:30:00,False,False
,10146814,Wisconsin,95,Polk,,2052-06-23 21:30:00,CST,2052-06-23 21:30:00,6,0,2,0,2.5M,0,,F3,Unknown,18.2,100,,,,,45.42,-92.63,45.58,-92.33,,,WI,2052-06-23 21:30:00,2052-06-23 21:30:00,False,False
,10025359,Kansas,91,Johnson,,2052-05-22 17:45:00,CST,2052-05-22 17:45:00,1,0,0,0,250K,0,,F4,Unknown,10.9,440,,,,,39.03,-94.92,39.07,-94.72,,,KS,2052-05-22 17:45:00,2052-05-22 17:45:00,False,False
,10025360,Kansas,191,Sumner,,2052-06-19 19:10:00,CST,2052-06-19 19:10:00,0,0,0,0,25K,0,,F2,Unknown,3.3,60,,,,,37.18,-97.42,37.22,-97.37,,,KS,2052-06-19 19:10:00,2052-06-19 19:10:00,False,False
,10025361,Kansas,103,Leavenworth,,2052-06-21 19:00:00,CST,2052-06-21 19:00:00,0,0,0,0,25K,0,,F2,Unknown,24.9,33,,,,,39.13,-95.15,39.13,-94.68,,,KS,2052-06-21 19:00:00,2052-06-21 19:00:00,False,False
,10025362,Kansas,147,Phillips,,2052-06-26 17:15:00,CST,2052-06-26 17:15:00,0,0,0,0,25K,0,,F2,Unknown,12.0,33,,,,,39.68,-99.45,39.77,-99.25,,,KS,2052-06-26 17:15:00,2052-06-26 17:15:00,False,False
,10025363,Kansas,137,Norton,,2052-06-27 14:30:00,CST,2052-06-27 14:30:00,0,0,0,0,2.5K,0,,F2,Unknown,1.9,100,,,,,39.75,-100.12,39.78,-100.08,,,KS,2052-06-27 14:30:00,2052-06-27 14:30:00,False,False
,10025364,Kansas,39,Decatur,,2052-07-06 15:00:00,CST,2052-07-06 15:00:00,0,0,0,0,0K,0,,F1,Unknown,11.9,33,,,,,39.83,-100.2,40.0,-100.13,,,KS,2052-07-06 15:00:00,2052-07-06 15:00:00,False,False
,10025365,Kansas,23,Cheyenne,,2052-07-06 16:30:00,CST,2052-07-06 16:30:00,0,0,0,0,0K,0,,,Unknown,0.0,33,,,,,39.73,-101.98,,,,,KS,2052-07-06 16:30:00,2052-07-06 16:30:00,False,False
,10025366,Kansas,181,Sherman,,2052-07-06 17:00:00,CST,2052-07-06 17:00:00,0,0,0,0,2.5K,0,,F2,Unknown,0.0,33,,,,,39.27,-101.85,,,,,KS,2052-07-06 17:00:00,2052-07-06 17:00:00,False,False
,10025367,Kansas,167,Russell,,2052-08-07 18:00:00,CST,2052-08-07 18:00:00,0,0,0,0,0K,0,,F3,Unknown,4.7,33,,,,,39.0,-98.52,39.05,-98.45,,,KS,2052-08-07 18:00:00,2052-08-07 18:00:00,False,False
,10025368,Kansas,47,Edwards,,2052-08-07 22:00:00,CST,2052-08-07 22:00:00,0,0,0,0,0K,0,,F1,Unknown,0.0,33,,,,,37.93,-99.42,,,,,KS,2052-08-07 22:00:00,2052-08-07 22:00:00,False,False
,10025369,Kansas,41,Dickinson,,2052-08-14 21:30:00,CST,2052-08-14 21:30:00,0,0,0,0,25K,0,,F2,Unknown,1.5,100,,,,,38.68,-97.02,,,,,KS,2052-08-14 21:30:00,2052-08-14 21:30:00,False,False
,10025370,Kansas,131,Nemaha,,2052-11-17 00:01:00,CST,2052-11-17 00:01:00,0,0,0,0,0K,0,,F1,Unknown,0.0,33,,,,,39.67,-95.87,,,,,KS,2052-11-17 00:01:00,2052-11-17 00:01:00,False,False
,10001437,Georgia,205,Mitchell,,2052-01-22 07:00:00,CST,2052-01-22 07:00:00,0,0,0,0,250K,0,,F2,Unknown,1.9,350,,,,,31.27,-84.02,31.28,-84.0,,,GA,2052-01-22 07:00:00,2052-01-22 07:00:00,False,False
,10001438,Georgia,71,Colquitt,,2052-01-22 07:05:00,CST,2052-01-22 07:05:00,8,0,0,0,250K,0,,F2,Unknown,6.8,350,,,,,31.28,-84.0,31.33,-83.9,,,GA,2052-01-22 07:05:00,2052-01-22 07:05:00,False,False
,10001439,Georgia,207,Monroe,,2052-01-28 03:40:00,CST,2052-01-28 03:40:00,0,0,0,0,25K,0,,F1,Unknown,3.8,400,,,,,33.03,-83.97,33.03,-83.9,,,GA,2052-01-28 03:40:00,2052-01-28 03:40:00,False,False
,10126037,Tennessee,117,Marshall,,2052-02-29 16:00:00,CST,2052-02-29 16:00:00,166,0,3,0,25K,0,,F1,Unknown,0.1,100,,,,,35.42,-86.7,,,,,TN,2052-02-29 16:00:00,2052-02-29 16:00:00,False,False
,10126038,Tennessee,103,Lincoln,,2052-02-29 16:30:00,CST,2052-02-29 16:30:00,150,0,2,0,2.5M,0,,F4,Unknown,2.0,300,,,,,35.15,-86.58,,,,,TN,2052-02-29 16:30:00,2052-02-29 16:30:00,False,False
,10126039,Tennessee,177,Warren,,2052-02-29 16:40:00,CST,2052-02-29 16:40:00,0,0,0,0,25K,0,,F2,Unknown,1.0,400,,,,,35.53,-85.85,,,,,TN,2052-02-29 16:40:00,2052-02-29 16:40:00,False,False
,10126040,Tennessee,107,Mcminn,,2052-02-29 17:30:00,CST,2052-02-29 17:30:00,0,0,0,0,250K,0,,F2,Unknown,15.3,587,,,,,35.3,-84.67,35.45,-84.47,,,TN,2052-02-29 17:30:00,2052-02-29 17:30:00,False,False
,10126041,Tennessee,45,Dyer,,2052-03-21 18:00:00,CST,2052-03-21 18:00:00,10,0,2,0,250K,0,,F4,Unknown,4.7,200,,,,,36.02,-89.2,36.08,-89.18,,,TN,2052-03-21 18:00:00,2052-03-21 18:00:00,False,False
,10126042,Tennessee,45,Dyer,,2052-03-21 20:30:00,CST,2052-03-21 20:30:00,30,0,10,0,250K,0,,F3,Unknown,18.1,1000,,,,,35.95,-89.43,36.13,-89.2,,,TN,2052-03-21 20:30:00,2052-03-21 20:30:00,False,False
,10126043,Tennessee,45,Dyer,,2052-03-21 20:30:00,CST,2052-03-21 20:30:00,5,0,4,0,250K,0,,F4,Unknown,2.0,200,,,,,36.1,-89.27,,,,,TN,2052-03-21 20:30:00,2052-03-21 20:30:00,False,False
,10126030,Tennessee,5,Benton,,2052-02-13 17:00:00,CST,2052-02-13 17:00:00,0,0,0,0,25K,0,,F2,Unknown,0.3,300,,,,,36.0,-88.12,,,,,TN,2052-02-13 17:00:00,2052-02-13 17:00:00,False,False
,10126031,Tennessee,37,Davidson,,2052-02-13 19:45:00,CST,2052-02-13 19:45:00,0,0,0,0,25K,0,,F1,Unknown,0.3,200,,,,,36.05,-87.03,,,,,TN,2052-02-13 19:45:00,2052-02-13 19:45:00,False,False
,10126032,Tennessee,103,Lincoln,,2052-02-13 21:00:00,CST,2052-02-13 21:00:00,0,0,0,0,0K,0,,F1,Unknown,0.2,400,,,,,35.23,-86.82,,,,,TN,2052-02-13 21:00:00,2052-02-13 21:00:00,False,False
,10126033,Tennessee,103,Lincoln,,2052-02-13 22:00:00,CST,2052-02-13 22:00:00,2,0,0,0,250K,0,,F3,Unknown,7.4,350,,,,,35.22,-86.6,35.22,-86.47,,,TN,2052-02-13 22:00:00,2052-02-13 22:00:00,False,False
,10126034,Tennessee,127,Moore,,2052-02-13 22:30:00,CST,2052-02-13 22:30:00,9,0,0,0,250K,0,,F4,Unknown,1.3,100,,,,,35.2,-86.3,35.2,-86.28,,,TN,2052-02-13 22:30:00,2052-02-13 22:30:00,False,False
,10126035,Tennessee,51,Franklin,,2052-02-13 22:40:00,CST,2052-02-13 22:40:00,35,0,3,0,250K,0,,F4,Unknown,11.4,100,,,,,35.2,-86.28,35.22,-86.08,,,TN,2052-02-13 22:40:00,2052-02-13 22:40:00,False,False
,10126036,Tennessee,61,Grundy,,2052-02-13 23:00:00,CST,2052-02-13 23:00:00,2,0,0,0,250K,0,,F3,Unknown,5.1,400,,,,,35.25,-85.83,35.27,-85.75,,,TN,2052-02-13 23:00:00,2052-02-13 23:00:00,False,False
,10001440,Georgia,95,Dougherty,,2052-01-28 06:00:00,CST,2052-01-28 06:00:00,1,0,0,0,25K,0,,F1,Unknown,2.0,100,,,,,31.58,-84.17,,,,,GA,2052-01-28 06:00:00,2052-01-28 06:00:00,False,False
,10001441,Georgia,321,Worth,,2052-01-28 06:30:00,CST,2052-01-28 06:30:00,0,0,0,0,25K,0,,F2,Unknown,1.0,100,,,,,31.52,-83.78,,,,,GA,2052-01-28 06:30:00,2052-01-28 06:30:00,False,False
,10001442,Georgia,277,Tift,,2052-01-28 07:10:00,CST,2052-01-28 07:10:00,2,0,0,0,250K,0,,F1,Unknown,0.1,400,,,,,31.47,-83.5,,,,,GA,2052-01-28 07:10:00,2052-01-28 07:10:00,False,False
,10001443,Georgia,107,Emanuel,,2052-01-28 07:30:00,CST,2052-01-28 07:30:00,1,0,0,0,2.5K,0,,F1,Unknown,0.1,33,,,,,32.58,-82.33,,,,,GA,2052-01-28 07:30:00,2052-01-28 07:30:00,False,False
,10001444,Georgia,119,Franklin,,2052-02-29 19:00:00,CST,2052-02-29 19:00:00,0,0,0,0,25K,0,,F2,Unknown,7.8,77,,,,,34.4,-83.33,34.42,-83.2,,,GA,2052-02-29 19:00:00,2052-02-29 19:00:00,False,False
,10001445,Georgia,11,Banks,,2052-02-29 19:30:00,CST,2052-02-29 19:30:00,3,0,0,0,250K,0,,F2,Unknown,9.4,300,,,,,34.37,-83.58,34.37,-83.42,,,GA,2052-02-29 19:30:00,2052-02-29 19:30:00,False,False
,10001446,Georgia,157,Jackson,,2052-02-29 20:15:00,CST,2052-02-29 20:15:00,5,0,0,0,25K,0,,F2,Unknown,0.2,17,,,,,34.12,-83.67,,,,,GA,2052-02-29 20:15:00,2052-02-29 20:15:00,False,False
,10001447,Georgia,21,Bibb,,2052-03-03 20:11:00,CST,2052-03-03 20:11:00,4,0,0,0,250K,0,,F3,Unknown,4.3,400,,,,,32.8,-83.68,32.78,-83.62,,,GA,2052-03-03 20:11:00,2052-03-03 20:11:00,False,False
,10001448,Georgia,177,Lee,,2052-03-13 14:20:00,CST,2052-03-13 14:20:00,0,0,0,0,25K,0,,F1,Unknown,1.0,150,,,,,31.65,-84.17,,,,,GA,2052-03-13 14:20:00,2052-03-13 14:20:00,False,False
,10001449,Georgia,19,Berrien,,2052-05-11 06:20:00,CST,2052-05-11 06:20:00,10,0,0,0,2.5M,0,,F3,Unknown,4.3,200,,,,,31.37,-83.25,31.4,-83.2,,,GA,2052-05-11 06:20:00,2052-05-11 06:20:00,False,False
,10032661,Louisiana,17,Caddo,,2052-02-13 04:00:00,CST,2052-02-13 04:00:00,0,0,0,0,25K,0,,F0,Unknown,1.0,133,,,,,32.98,-94.0,,,,,LA,2052-02-13 04:00:00,2052-02-13 04:00:00,False,False
,10032662,Louisiana,17,Caddo,,2052-02-19 09:00:00,CST,2052-02-19 09:00:00,5,0,0,0,25K,0,,F2,Unknown,0.5,200,,,,,32.35,-94.0,,,,,LA,2052-02-19 09:00:00,2052-02-19 09:00:00,False,False
,10032663,Louisiana,31,De Soto,,2052-03-10 08:30:00,CST,2052-03-10 08:30:00,0,0,0,0,250K,0,,F3,Unknown,50.9,650,,,,,32.23,-93.65,32.78,-93.07,,,LA,2052-03-10 08:30:00,2052-03-10 08:30:00,False,False
,10032664,Louisiana,27,Claiborne,,2052-04-03 23:00:00,CST,2052-04-03 23:00:00,0,0,0,0,25K,0,,F1,Unknown,2.0,67,,,,,32.95,-92.83,,,,,LA,2052-04-03 23:00:00,2052-04-03 23:00:00,False,False
,10032665,Louisiana,53,Jefferson Davis,,2052-04-04 02:00:00,CST,2052-04-04 02:00:00,10,0,0,0,250K,0,,F3,Unknown,16.5,100,,,,,30.17,-92.87,30.27,-92.62,,,LA,2052-04-04 02:00:00,2052-04-04 02:00:00,False,False
,10032666,Louisiana,1,Acadia,,2052-04-04 02:30:00,CST,2052-04-04 02:30:00,0,0,0,0,250K,0,,F3,Unknown,20.2,100,,,,,30.27,-92.62,30.37,-92.3,,,LA,2052-04-04 02:30:00,2052-04-04 02:30:00,False,False
,10032667,Louisiana,97,St. Landry,,2052-04-04 03:30:00,CST,2052-04-04 03:30:00,33,0,4,0,250K,0,,F2,Unknown,13.2,67,,,,,30.37,-92.13,30.4,-91.92,,,LA,2052-04-04 03:30:00,2052-04-04 03:30:00,False,False
,10032668,Louisiana,101,St. Mary,,2052-04-04 03:30:00,CST,2052-04-04 03:30:00,3,0,0,0,2.5M,0,,F2,Unknown,6.4,20,,,,,29.87,-91.62,29.93,-91.55,,,LA,2052-04-04 03:30:00,2052-04-04 03:30:00,False,False
,10032669,Louisiana,99,St. Martin,,2052-04-04 03:50:00,CST,2052-04-04 03:50:00,0,0,0,0,250K,0,,F2,Unknown,7.2,67,,,,,30.4,-91.92,30.4,-91.8,,,LA,2052-04-04 03:50:00,2052-04-04 03:50:00,False,False
,10032670,Louisiana,105,Tangipahoa,,2052-04-23 09:15:00,CST,2052-04-23 09:15:00,0,0,0,0,2.5K,0,,F0,Unknown,0.5,20,,,,,30.88,-90.5,,,,,LA,2052-04-23 09:15:00,2052-04-23 09:15:00,False,False
,10032671,Louisiana,109,Terrebonne,,2052-05-19 09:00:00,CST,2052-05-19 09:00:00,0,0,0,0,25K,0,,F0,Unknown,1.0,33,,,,,29.6,-90.67,,,,,LA,2052-05-19 09:00:00,2052-05-19 09:00:00,False,False
,9991450,Florida,5,Bay,,2052-04-04 09:20:00,CST,2052-04-04 09:20:00,1,0,0,0,2.5K,0,,F1,Unknown,0.0,20,,,,,30.17,-85.7,,,,,FL,2052-04-04 09:20:00,2052-04-04 09:20:00,False,False
,9991451,Florida,53,Hernando,,2052-05-23 13:30:00,CST,2052-05-23 13:30:00,1,0,0,0,2.5K,0,,F0,Unknown,0.0,33,,,,,28.55,-82.38,,,,,FL,2052-05-23 13:30:00,2052-05-23 13:30:00,False,False
,9991452,Florida,103,Pinellas,,2052-05-30 11:00:00,CST,2052-05-30 11:00:00,0,0,0,0,2.5K,0,,F2,Unknown,0.1,33,,,,,27.93,-82.82,,,,,FL,2052-05-30 11:00:00,2052-05-30 11:00:00,False,False
,9991453,Florida,103,Pinellas,,2052-06-13 12:00:00,CST,2052-06-13 12:00:00,0,0,0,0,2.5K,0,,F1,Unknown,2.5,33,,,,,27.77,-82.62,,,,,FL,2052-06-13 12:00:00,2052-06-13 12:00:00,False,False
,9991455,Florida,99,Palm Beach,,2052-08-16 14:45:00,CST,2052-08-16 14:45:00,0,0,0,0,2.5K,0,,F1,Unknown,0.2,17,,,,,26.77,-80.22,,,,,FL,2052-08-16 14:45:00,2052-08-16 14:45:00,False,False
,9991239,Florida,99,Palm Beach,,2052-02-26 10:20:00,CST,2052-02-26 10:20:00,0,0,0,0,2.5K,0,,F1,Unknown,1.5,17,,,,,26.57,-80.12,,,,,FL,2052-02-26 10:20:00,2052-02-26 10:20:00,False,False
,10025350,Kansas,47,Edwards,,2052-04-08 13:30:00,CST,2052-04-08 13:30:00,0,0,0,0,.25K,0,,F1,Unknown,0.0,33,,,,,37.87,-99.47,,,,,KS,2052-04-08 13:30:00,2052-04-08 13:30:00,False,False
,10025351,Kansas,161,Riley,,2052-04-22 17:30:00,CST,2052-04-22 17:30:00,0,0,0,0,0K,0,,,Unknown,0.0,33,,,,,39.18,-96.75,,,,,KS,2052-04-22 17:30:00,2052-04-22 17:30:00,False,False
,10025352,Kansas,119,Meade,,2052-04-29 13:30:00,CST,2052-04-29 13:30:00,0,0,0,0,0K,0,,F0,Unknown,0.0,33,,,,,37.08,-100.08,,,,,KS,2052-04-29 13:30:00,2052-04-29 13:30:00,False,False
,10025353,Kansas,185,Stafford,,2052-04-30 19:14:00,CST,2052-04-30 19:14:00,0,0,0,0,0K,0,,F0,Unknown,0.0,33,,,,,38.07,-98.67,,,,,KS,2052-04-30 19:14:00,2052-04-30 19:14:00,False,False
,10025354,Kansas,57,Ford,,2052-04-30 20:50:00,CST,2052-04-30 20:50:00,0,0,0,0,0K,0,,F0,Unknown,0.0,33,,,,,37.75,-99.83,,,,,KS,2052-04-30 20:50:00,2052-04-30 20:50:00,False,False
,10025355,Kansas,141,Osborne,,2052-05-21 18:00:00,CST,2052-05-21 18:00:00,0,0,0,0,0K,0,,,Unknown,0.0,33,,,,,39.52,-99.0,,,,,KS,2052-05-21 18:00:00,2052-05-21 18:00:00,False,False
,10025356,Kansas,157,Republic,,2052-05-21 19:30:00,CST,2052-05-21 19:30:00,0,0,0,0,25K,0,,F2,Unknown,0.2,100,,,,,39.68,-97.87,,,,,KS,2052-05-21 19:30:00,2052-05-21 19:30:00,False,False
,10153065,Virginia,165,Rockingham,,2052-04-05 10:00:00,CST,2052-04-05 10:00:00,0,0,0,0,250K,0,,F2,Unknown,4.9,33,,,,,38.37,-78.73,38.42,-78.67,,,VA,2052-04-05 10:00:00,2052-04-05 10:00:00,False,False
,10025357,Kansas,45,Douglas,,2052-05-22 17:10:00,CST,2052-05-22 17:10:00,2,0,0,0,250K,0,,F4,Unknown,2.7,440,,,,,38.98,-95.22,39.0,-95.17,,,KS,2052-05-22 17:10:00,2052-05-22 17:10:00,False,False
,10025358,Kansas,103,Leavenworth,,2052-05-22 17:25:00,CST,2052-05-22 17:25:00,0,0,0,0,250K,0,,F4,Unknown,13.3,440,,,,,39.03,-95.17,39.03,-94.92,,,KS,2052-05-22 17:25:00,2052-05-22 17:25:00,False,False
,10153064,Virginia,15,Augusta,,2052-04-05 09:15:00,CST,2052-04-05 09:15:00,2,0,0,0,25K,0,,F2,Unknown,1.0,150,,,,,38.22,-78.83,,,,,VA,2052-04-05 09:15:00,2052-04-05 09:15:00,False,False
,10009726,Illinois,61,Greene,,2052-03-18 18:07:00,CST,2052-03-18 18:07:00,1,0,0,0,25K,0,,F1,Unknown,3.0,10,,,,,39.18,-90.37,39.22,-90.32,,,IL,2052-03-18 18:07:00,2052-03-18 18:07:00,False,False
,10009727,Illinois,157,Randolph,,2052-03-18 18:21:00,CST,2052-03-18 18:21:00,0,0,0,0,250K,0,,F2,Unknown,4.9,100,,,,,38.1,-89.93,38.15,-89.87,,,IL,2052-03-18 18:21:00,2052-03-18 18:21:00,False,False
,10009728,Illinois,163,St. Clair,,2052-05-24 17:50:00,CST,2052-05-24 17:50:00,0,0,0,0,25K,0,,F1,Unknown,0.0,33,,,,,39.5,-90.02,,,,,IL,2052-05-24 17:50:00,2052-05-24 17:50:00,False,False
,10009729,Illinois,131,Mercer,,2052-07-17 17:00:00,CST,2052-07-17 17:00:00,0,0,0,0,2.5K,0,,F1,Unknown,0.0,33,,,,,41.1,-90.78,,,,,IL,2052-07-17 17:00:00,2052-07-17 17:00:00,False,False
,10126257,Tennessee,47,Fayette,,2052-03-21 22:00:00,CST,2052-03-21 22:00:00,50,0,7,0,250K,0,,F4,Unknown,18.7,427,,,,,35.0,-89.58,35.12,-89.28,,,TN,2052-03-21 22:00:00,2052-03-21 22:00:00,False,False
,10126258,Tennessee,53,Gibson,,2052-03-21 22:45:00,CST,2052-03-21 22:45:00,2,0,2,0,25K,0,,F2,Unknown,0.1,150,,,,,35.8,-88.78,,,,,TN,2052-03-21 22:45:00,2052-03-21 22:45:00,False,False
,10126259,Tennessee,17,Carroll,,2052-03-21 22:50:00,CST,2052-03-21 22:50:00,3,0,0,0,250K,0,,F3,Unknown,0.1,100,,,,,35.85,-88.67,,,,,TN,2052-03-21 22:50:00,2052-03-21 22:50:00,False,False
,10126260,Tennessee,17,Carroll,,2052-03-21 23:00:00,CST,2052-03-21 23:00:00,8,0,1,0,250K,0,,F2,Unknown,0.1,150,,,,,35.93,-88.5,,,,,TN,2052-03-21 23:00:00,2052-03-21 23:00:00,False,False
,10126261,Tennessee,17,Carroll,,2052-03-21 23:17:00,CST,2052-03-21 23:17:00,19,0,0,0,250K,0,,F3,Unknown,5.1,177,,,,,36.02,-88.27,36.07,-88.2,,,TN,2052-03-21 23:17:00,2052-03-21 23:17:00,False,False
,10126262,Tennessee,69,Hardeman,,2052-03-21 23:30:00,CST,2052-03-21 23:30:00,14,0,4,0,2.5M,0,,F4,Unknown,11.1,177,,,,,35.27,-88.98,35.35,-88.82,,,TN,2052-03-21 23:30:00,2052-03-21 23:30:00,False,False
,10126263,Tennessee,85,Humphreys,,2052-03-21 23:55:00,CST,2052-03-21 23:55:00,0,0,0,0,25K,0,,F2,Unknown,0.3,500,,,,,35.85,-87.68,,,,,TN,2052-03-21 23:55:00,2052-03-21 23:55:00,False,False
,10126264,Tennessee,23,Chester,,2052-03-22 00:01:00,CST,2052-03-22 00:01:00,100,0,23,0,2.5M,0,,F4,Unknown,19.8,177,,,,,35.35,-88.82,35.5,-88.52,,,TN,2052-03-22 00:01:00,2052-03-22 00:01:00,False,False
,10126265,Tennessee,81,Hickman,,2052-03-22 00:20:00,CST,2052-03-22 00:20:00,10,0,3,0,25K,0,,F2,Unknown,0.5,40,,,,,35.87,-87.58,,,,,TN,2052-03-22 00:20:00,2052-03-22 00:20:00,False,False
,10126266,Tennessee,77,Henderson,,2052-03-22 01:00:00,CST,2052-03-22 01:00:00,43,0,11,0,2.5M,0,,F4,Unknown,15.9,177,,,,,35.5,-88.52,35.63,-88.28,,,TN,2052-03-22 01:00:00,2052-03-22 01:00:00,False,False
,10126267,Tennessee,159,Smith,,2052-03-22 11:15:00,CST,2052-03-22 11:15:00,1,0,0,0,25K,0,,F1,Unknown,0.3,7,,,,,36.25,-85.93,,,,,TN,2052-03-22 11:15:00,2052-03-22 11:15:00,False,False
,10126268,Tennessee,37,Davidson,,2052-06-30 18:05:00,CST,2052-06-30 18:05:00,0,0,0,0,2.5K,0,,F1,Unknown,0.3,7,,,,,36.03,-86.77,,,,,TN,2052-06-30 18:05:00,2052-06-30 18:05:00,False,False
